name,roll_no,class,email,dob
SARTHAK PANCHAL,2505111530211,CSAIML-2D,sarthak.panchal2025@glbajajgroup.org,2007-09-23
SAYAN ROY,2505111530213,CSAIML-2D,sayan.roy2025@glbajajgroup.org,2006-06-14
SHIV NARANG,2505111530220,CSAIML-2D,shiv.narang2025@glbajajgroup.org,2008-01-14
SHLOK TIWARI,2505111530227,CSAIML-2D,shlok.tiwari2025@glbajajgroup.org,2007-05-24
SURYANSH KUMAR,2505111530249,CSAIML-2D,suryansh.kumar2025@glbajajgroup.org,2006-10-14
ABHAY PRATAP SINGH TOMAR,2505111530002,CSAIML-2D,abhayp.singh2025@glbajajgroup.org,2008-11-15
ADITI GUPTA,2505111530006,CSAIML-2D,guptaadiii23484@gmail.com,2006-04-19
AGRIM GOEL,2505111530012,CSAIML-2D,agrim.goel2025@glbajajgroup.org,2008-04-01
Anushka Singh,2505111530042,CSAIML-2D,anushkasingh2088@gmail.com,2008-02-17
